{
    "parameter": [
        {
            "src_lng": 87.4542,
            "src_lat": 26.1321,
            "dest_lng": 87.453872,
            "dest_lat": 26.132113
        },
        {
            "src_lng": 87.4547,
            "src_lat": 26.1312,
            "dest_lng": 87.454785,
            "dest_lat": 26.131121
        },
        {
            "src_lng": 87.4542,
            "src_lat": 26.1321,
            "dest_lng": 87.453872,
            "dest_lat": 26.132113
        },
        {
            "src_lng": 87.4542,
            "src_lat": 26.1321,
            "dest_lng": 87.454785,
            "dest_lat": 26.131121
        }
    ]
}