{
    "parameter": [
        {
            "src_lng": 84.646379,
            "src_lat": 27.101301,
            "dest_lng": 87.4083666,
            "dest_lat": 26.1375833
        },
        {
            "src_lng": 84.646379,
            "src_lat": 27.101301,
            "dest_lng": 87.40856,
            "dest_lat": 26.137942
        }
    ]
}